{"inputUnits":[34],"outputUnits":2,"inputs":{"0":{"dtype":"number","min":300.21806887615514,"max":546.2717749172612},"1":{"dtype":"number","min":263.8460289179583,"max":419.1916438299394},"2":{"dtype":"number","min":343.5261712278373,"max":589.5339530172979},"3":{"dtype":"number","min":229.10523418322612,"max":371.44658797445925},"4":{"dtype":"number","min":252.60413752455653,"max":511.4533879320909},"5":{"dtype":"number","min":227.02512073145766,"max":370.57494775794356},"6":{"dtype":"number","min":415.51416552948115,"max":628.2725413578494},"7":{"dtype":"number","min":251.16854226078965,"max":393.9420041036049},"8":{"dtype":"number","min":203.87303304115622,"max":449.67593656903574},"9":{"dtype":"number","min":256.45967372196657,"max":388.85822696908434},"10":{"dtype":"number","min":541.8090424370673,"max":685.4067167883253},"11":{"dtype":"number","min":498.09230566952476,"max":602.1091576958445},"12":{"dtype":"number","min":145.30559881188063,"max":307.9077636778123},"13":{"dtype":"number","min":490.8828393216263,"max":599.395214036281},"14":{"dtype":"number","min":675.4492304761122,"max":777.4468183702995},"15":{"dtype":"number","min":760.0069960731477,"max":836.9177738887327},"16":{"dtype":"number","min":82.86739972778796,"max":251.38992354099852},"17":{"dtype":"number","min":754.963151508732,"max":804.5364201764652},"18":{"dtype":"number","min":576.8125551869433,"max":718.5197999783527},"19":{"dtype":"number","min":719.3850459384547,"max":794.2735720979564},"20":{"dtype":"number","min":111.02013993356015,"max":325.3363518399487},"21":{"dtype":"number","min":736.5529031419568,"max":796.7530071688997},"22":{"dtype":"number","min":500.0786739750131,"max":643.656628382345},"23":{"dtype":"number","min":774.9543743653056,"max":821.5668561764728},"24":{"dtype":"number","min":218.29203053671097,"max":394.4644660801275},"25":{"dtype":"number","min":757.761416899091,"max":815.5067387443572},"26":{"dtype":"number","min":542.3492013805107,"max":722.0075303014614},"27":{"dtype":"number","min":743.4152134104925,"max":777.1120328198147},"28":{"dtype":"number","min":200.95536139224754,"max":385.81970326167595},"29":{"dtype":"number","min":696.954232004366,"max":772.9368078847803},"30":{"dtype":"number","min":531.5295619445088,"max":712.9209001797183},"31":{"dtype":"number","min":761.5914956697694,"max":791.0294206968077},"32":{"dtype":"number","min":203.68823841851972,"max":376.5683665442559},"33":{"dtype":"number","min":765.5684235494888,"max":792.3502630389618}},"outputs":{"0":{"dtype":"string","min":0,"max":1,"uniqueValues":["slouch","straight"],"legend":{"slouch":[1,0],"straight":[0,1]}}},"isNormalized":true}